,scenario,cluster,max_growth_rate
0,5tg,0,0.0008595161667683188
1,5tg,1,0.6671969338094497
2,5tg,2,0.1403057758614612
3,16tg,0,0.64794748290065
4,16tg,1,0.0008290451651297299
5,16tg,2,0.10311863106918191
6,27tg,0,0.0008771377199125402
7,27tg,1,0.6372351191943018
8,27tg,2,0.1012105149836842
9,37tg,0,0.0009146827638143751
10,37tg,1,0.6289827839838661
11,37tg,2,0.10928418574591024
12,47tg,0,0.0009342246060412017
13,47tg,1,0.6112763238231855
14,47tg,2,0.10393025800517539
15,150tg,0,0.11368341430016159
16,150tg,1,0.0004594581205788031
17,150tg,2,0.43795151408829613
18,control,0,0.11478331158911645
19,control,1,0.664092485148619
20,control,2,0.0008398693376529189
