,scenario,cluster,max_growth_rate
0,150tg,0,0.032546041029160845
1,150tg,1,0.1653134316010854
