,scenario,cluster,max_growth_rate
0,150tg,0,0.02989763696544141
1,150tg,1,0.15161899651044503
